{"config": [{"config": {"data_format": "channels_first", "padding": "valid", "bias_initializer": {"config": {}, "class_name": "Zeros"}, "activity_regularizer": null, "dilation_rate": [1, 1], "batch_input_shape": [null, 1, 60, 60], "kernel_constraint": null, "trainable": true, "strides": [1, 1], "kernel_size": [5, 5], "kernel_regularizer": null, "filters": 30, "use_bias": true, "dtype": "float32", "bias_regularizer": null, "kernel_initializer": {"config": {"scale": 1.0, "seed": null, "mode": "fan_avg", "distribution": "uniform"}, "class_name": "VarianceScaling"}, "bias_constraint": null, "name": "conv2d_1", "activation": "relu"}, "class_name": "Conv2D"}, {"config": {"data_format": "channels_first", "padding": "valid", "pool_size": [2, 2], "name": "max_pooling2d_1", "trainable": true, "strides": [2, 2]}, "class_name": "MaxPooling2D"}, {"config": {"data_format": "channels_first", "padding": "valid", "bias_initializer": {"config": {}, "class_name": "Zeros"}, "dilation_rate": [1, 1], "activity_regularizer": null, "kernel_constraint": null, "use_bias": true, "strides": [1, 1], "kernel_regularizer": null, "filters": 15, "trainable": true, "bias_constraint": null, "bias_regularizer": null, "kernel_initializer": {"config": {"scale": 1.0, "seed": null, "mode": "fan_avg", "distribution": "uniform"}, "class_name": "VarianceScaling"}, "kernel_size": [3, 3], "name": "conv2d_2", "activation": "relu"}, "class_name": "Conv2D"}, {"config": {"data_format": "channels_first", "padding": "valid", "pool_size": [2, 2], "name": "max_pooling2d_2", "trainable": true, "strides": [2, 2]}, "class_name": "MaxPooling2D"}, {"config": {"name": "dropout_1", "trainable": true, "rate": 0.2}, "class_name": "Dropout"}, {"config": {"name": "flatten_1", "trainable": true}, "class_name": "Flatten"}, {"config": {"units": 128, "use_bias": true, "bias_initializer": {"config": {}, "class_name": "Zeros"}, "activity_regularizer": null, "bias_regularizer": null, "activation": "relu", "bias_constraint": null, "kernel_regularizer": null, "kernel_constraint": null, "kernel_initializer": {"config": {"scale": 1.0, "seed": null, "mode": "fan_avg", "distribution": "uniform"}, "class_name": "VarianceScaling"}, "name": "dense_1", "trainable": true}, "class_name": "Dense"}, {"config": {"units": 50, "use_bias": true, "bias_initializer": {"config": {}, "class_name": "Zeros"}, "activity_regularizer": null, "bias_regularizer": null, "activation": "relu", "bias_constraint": null, "kernel_regularizer": null, "kernel_constraint": null, "kernel_initializer": {"config": {"scale": 1.0, "seed": null, "mode": "fan_avg", "distribution": "uniform"}, "class_name": "VarianceScaling"}, "name": "dense_2", "trainable": true}, "class_name": "Dense"}, {"config": {"units": 5, "use_bias": true, "bias_initializer": {"config": {}, "class_name": "Zeros"}, "activity_regularizer": null, "bias_regularizer": null, "activation": "softmax", "bias_constraint": null, "kernel_regularizer": null, "kernel_constraint": null, "kernel_initializer": {"config": {"scale": 1.0, "seed": null, "mode": "fan_avg", "distribution": "uniform"}, "class_name": "VarianceScaling"}, "name": "dense_3", "trainable": true}, "class_name": "Dense"}], "backend": "tensorflow", "keras_version": "2.0.8", "class_name": "Sequential"}